<?xml version="1.0" encoding="UTF-8" standalone="yes"?>
<addon id="script.backups" name="Kodi Backups" version="0.0.1" provider-name="adrian">
    <requires>
        <import addon="xbmc.python" version="3.0.0"/>
    </requires>
    <extension point="xbmc.python.script" library="addon.py">
        <provides>executable</provides>
    </extension>
    <extension point="xbmc.addon.metadata">
        <platform>all</platform>
        <summary lang="en">Popup Hello World</summary>
        <description lang="en">Example Script to show Hello World</description>
        <license>GNU General Public License, v2</license>
        <language/>
        <forum>http://forum.kodi.tv/showthread.php?tid=209948</forum>
        <source>https://github.com/zag2me/script.hello.world</source>
        <website>Kodi.tv</website>
        <email>zag@kodi.org</email>
        <assets>
            <icon>icon.png</icon>
            <fanart>fanart.jpg</fanart>
            <screenshot>resources/screenshot-01.jpg</screenshot>
            <screenshot>resources/screenshot-02.jpg</screenshot>
            <screenshot>resources/screenshot-03.jpg</screenshot>
        </assets>
        <news>Updated the addon to use new addon.xml metadata</news>
    </extension>
</addon>
