<?xml version="1.0" encoding="UTF-8"?>
<addon id="kodi" name="Kodi Repository" version="0.0.1" provider-name="adrianfg92">
    <extension point="xbmc.addon.repository" name="Adrian Fernadez's Repository">
        <info compressed="false">https://adrianfg92.github.io/kodi/addons.xml</info>
        <checksum>https://adrianfg92.github.io/kodi/addons.xml.md5</checksum>
        <datadir>https://adrianfg92.github.io/kodi</datadir>
    </extension>
    <extension point="xbmc.addon.metadata">
        <description>A repository of add-ons that Adrian Fernandez developed for a personal Kodi system</description>
        <disclaimer/>
        <email/>
        <forum/>
        <language/>
        <license>GNU GENERAL PUBLIC LICENSE. Version 2, June 1991</license>
        <news/>
        <platform>all</platform>
        <source>https://github.com/adrianfg92/kodi</source>
        <summary>Adrian Fernadez's Repository</summary>
        <website/>
    </extension>
</addon>
