<?xml version="1.0" encoding="UTF-8" standalone="yes"?>
<addon id="kodi.backups" name="kodi.backups" version="0.0.27" provider-name="adrian">
    <requires>
        <import addon="xbmc.python" version="3.0.0"/>
    </requires>
    <extension point="xbmc.python.script" library="addon.py">
        <provides>executable</provides>
    </extension>
    <extension point="xbmc.addon.metadata">
        <summary lang="en">Popup Hello World</summary>
        <description lang="en">Example Script to show Hello World</description>
        <platform>all</platform>
        <assets>
            <icon>resources/icon.png</icon>
        </assets>
    </extension>
</addon>
