<?xml version="1.0" encoding="UTF-8" standalone="yes"?>
<addon id="kodi.backups" name="kodi.backups" version="0.0.33" provider-name="adrian">
    <requires>
        <import addon="xbmc.python" version="3.0.0"/>
        <import addon="script.module.clouddrive.common" version="1.4.0"/>
    </requires>
    <extension point="xbmc.python.pluginsource" library="entrypoint.py">
        <provides>image audio video</provides>
    </extension>
    <!--    <extension point="xbmc.python.script" library="addon.py">-->
    <!--        <provides>executable</provides>-->
    <!--    </extension>-->
    <extension point="xbmc.service" library="service.py" start="login"/>
    <extension point="xbmc.addon.metadata">
        <summary lang="en">Popup Hello World</summary>
        <description lang="en">Example Script to show Hello World</description>
        <platform>all</platform>
        <assets>
            <icon>resources/icon.png</icon>
        </assets>
    </extension>
</addon>
