<?xml version="1.0" encoding="UTF-8"?>
<window>
    <views>50</views>
    <controls>
        <control type="list" id="50">
            <left>500</left>
            <top>200</top>
            <width>1000</width>
            <height>500</height>
            <viewtype label="535">list</viewtype>
            <itemlayout height="100" width="1000">
                <control type="label">
                    <left>20</left>
                    <top>0</top>
                    <height>50</height>
                    <width>960</width>
                    <font>font13</font>
                    <label>$INFO[ListItem.Label]</label>
                </control>
            </itemlayout>
            <focusedlayout height="100" width="1000">
                <control type="image">
                    <left>0</left>
                    <top>0</top>
                    <width>1000</width>
                    <height>50</height>
                    <texture>testwindow-focus.png</texture>
                </control>
                <control type="label">
                    <left>20</left>
                    <top>0</top>
                    <height>50</height>
                    <width>960</width>
                    <font>font13</font>
                    <label>$INFO[ListItem.Label]</label>
                    <textcolor>orange</textcolor>
                </control>
            </focusedlayout>
        </control>
    </controls>
</window>
